stunting,wasting,underweight,overweight,stunting_avg,wasting_avg,underweight_avg,undernourishment_pct
41.38439,2.4198823,5.9344873,10.501349,33.764626,2.7509742,6.628913,20.105907
44.54029,11.791021,28.091393,1.9361382,43.567375,11.40834,27.43594,14.90382
13.739369,6.7708387,4.271243,1.935101,14.658733,8.234251,4.248749,9.593417
13.741551,2.0781121,14.863536,10.501349,14.658733,2.5512695,4.192395,3.2156239
13.796905,2.5364456,10.228409,10.501349,14.666802,2.5512118,4.414548,17.25969
14.437301,7.2132163,4.999755,10.4893675,39.614124,6.869406,19.262367,4.7823277
13.745733,3.3678453,8.288489,10.501349,14.659377,2.7098184,4.2359304,5.575152
14.171198,2.0415783,15.70525,10.501168,14.670146,2.5453744,4.2602654,4.7994733
41.633713,1.9962296,5.3761625,10.501196,31.435009,2.5454001,4.9714766,20.788738
13.739369,3.349666,4.6682253,10.500848,14.658733,3.5349393,4.193165,7.0043955
44.349533,1.9947858,9.368471,1.9417171,41.985233,2.545147,8.709473,20.788712
44.320133,1.9947891,5.3858995,9.431069,37.9696,2.5451417,5.1998634,20.788738
37.401733,11.565344,19.917398,10.501349,35.54207,10.086111,16.931566,4.905554
44.54029,11.791021,28.091393,10.501233,43.567375,11.40834,27.43594,20.778309
44.53978,1.9947882,25.558186,1.935091,43.56575,2.5463767,21.191025,20.788738
44.540283,1.9949818,8.15486,1.9350924,43.565544,2.5451417,6.5832205,20.788738
44.43259,11.790976,3.6494837,10.501349,18.458172,2.5453653,4.192734,20.788738
13.739369,6.1938047,5.786133,1.9497571,14.658733,3.813545,4.195381,8.221187
15.295549,2.0520782,3.7448483,10.438293,42.94995,7.206787,16.749367,20.173037
13.739369,4.508843,6.2298975,1.9351034,14.658839,6.532259,5.8461533,7.9926558
15.501748,10.416605,16.979332,10.501349,14.850869,4.102625,4.4205294,5.1074243
13.739374,6.0416226,6.2670403,10.501346,14.658842,9.291958,4.50665,8.086481
44.54029,1.9947834,23.11318,1.935091,43.567368,2.5452647,19.84535,20.788738
44.539154,11.79101,28.091297,1.9352078,43.55899,11.408327,27.435833,6.109595
44.54029,11.791021,28.091393,1.9358406,43.34722,11.40834,27.43594,9.528786
33.14202,5.224915,3.8871708,10.501349,24.768623,2.675601,4.4389734,20.788738
44.54029,11.791021,28.091393,1.9395475,43.567375,11.40834,27.43594,20.74725
13.744186,11.790338,28.083015,1.935091,14.963185,11.408306,27.423822,8.489337
44.54029,11.791021,28.091393,10.501284,43.567375,11.40834,27.43594,20.788702
14.577325,2.071381,18.512001,10.501338,15.840762,3.1898189,8.76486,4.1099577
13.827645,2.0026016,8.724726,10.468373,15.270296,2.763475,5.5371513,4.304064
44.54029,11.791021,28.091393,2.210822,43.567364,11.40834,27.43594,20.788738
41.956825,11.748358,25.620174,10.501349,32.245655,10.965829,8.254139,4.328387
13.739369,1.9984016,4.3099756,1.935091,14.658733,2.545177,4.192271,8.065998
44.540283,11.791021,28.091393,1.9360676,43.567173,11.40834,27.43594,11.014692
44.54029,11.791021,28.091393,9.823089,43.567375,11.40834,27.43594,20.78841
44.54029,11.791021,28.091393,1.9355841,43.567375,11.40834,27.43594,20.739695
44.25464,11.791021,28.091393,4.3927484,31.545353,11.40834,27.43594,20.788729
42.723335,1.9964919,8.766745,10.501349,15.097186,2.5451417,4.192771,3.1138144
13.741062,1.9949465,4.0358133,10.4793005,14.658998,2.545158,4.196003,3.801134
41.089737,2.0006123,6.4381285,10.501349,29.569544,2.5487995,7.071207,20.788727
22.765844,3.457537,9.858202,10.501349,27.169697,3.964813,6.333564,4.389546
44.54029,11.791021,28.091393,5.4512486,43.567368,11.40834,27.43594,7.081133
37.39724,1.9950318,4.4989405,2.0633082,25.776379,2.5463433,7.598119,20.788738
43.54177,1.9948401,11.776034,1.9351063,43.41365,2.5501223,14.044754,8.002866
13.739369,4.0094595,4.0684557,10.501349,14.658733,4.99483,4.192271,5.363435
13.743995,2.2228684,5.5898056,1.935091,39.46216,9.683516,22.96211,4.69565
17.109365,1.9959006,4.7809916,1.9357033,43.419926,4.4567795,22.833082,20.780012
21.472872,1.9947834,7.2556953,1.9513164,14.78155,2.5451417,4.487693,20.775906
13.739983,5.556937,6.7360935,10.501349,14.662607,6.014229,4.675374,5.6852884
44.539764,11.787262,28.091278,1.9351835,43.56737,11.40834,27.435898,4.4077578
44.54029,1.9947834,4.405944,1.9350967,43.563705,2.5451417,4.3186035,20.788738
13.790919,2.745245,8.655855,10.450793,15.126321,4.1023874,9.271116,5.382463
27.885376,8.483146,3.6752224,10.501349,36.973892,7.918897,4.4605,20.788374
14.33974,2.529673,12.4624405,10.501349,14.659335,2.5817738,4.1937304,2.971054
44.53945,1.9947834,26.634682,1.935091,43.567375,11.075119,27.374233,20.758045
44.336918,1.9947834,6.4949408,1.9369216,20.614336,2.5451417,4.858988,20.788738
43.60678,11.790762,28.081768,3.7114668,43.56496,11.4083185,27.435478,4.996095
43.883667,11.786261,7.837213,10.501349,29.974464,10.900741,4.2020025,3.0972385
13.739409,3.921332,3.9895134,10.501349,14.658733,3.199363,4.192278,3.3119202
43.25861,5.7955694,4.817794,10.501349,41.90306,3.6164675,5.347706,13.3733
13.739369,11.524949,10.997062,1.935091,14.672266,11.3354645,24.87495,7.884302
17.326473,2.4165978,11.604542,10.501349,15.164623,2.9221306,5.17679,4.6775746
44.53503,11.788532,27.96616,10.501349,23.997625,11.1941395,4.204199,2.9154825
19.594559,11.791021,28.091347,1.935091,37.38266,11.40834,27.435871,12.195813
44.540283,11.791021,28.091393,6.04452,43.567375,11.40834,27.43594,20.69406
44.54029,11.791021,28.091393,4.310475,43.567375,11.40834,27.43594,20.787426
43.599667,10.525138,12.722981,10.501349,43.348854,5.5732164,9.437579,3.5766296
44.505066,2.535509,4.3770256,9.914398,41.668564,2.5451431,4.912877,20.788738
35.501118,7.454153,7.005287,10.501349,39.81272,5.360676,6.5550127,3.4120398
44.54029,11.791021,28.091393,10.256048,43.567375,11.40834,27.43594,20.788736
13.739531,7.51154,9.018112,2.0191088,14.671544,6.1193247,8.853759,8.8605585
13.739369,4.2569423,5.695878,1.9351258,14.663138,8.830236,10.945445,9.049441
13.739369,3.0251408,8.53269,5.7390213,14.658733,2.6039448,4.192359,12.10937
27.190828,1.9951992,11.194668,1.935091,43.506332,3.1007023,20.911932,4.439733
44.54029,11.791021,28.091393,9.904561,43.461025,11.40834,27.43594,20.776695
44.51899,11.791021,28.091393,1.9351115,43.554565,11.40834,27.43594,6.5274
15.213461,2.006662,4.3561497,3.9417095,43.00456,3.9644516,20.961872,4.9862313
44.54029,11.791021,28.091393,2.7564282,43.567375,11.40834,27.43594,7.002153
14.2663765,2.1569152,3.8362865,10.494975,23.081984,2.712975,11.225302,20.74325
20.505909,11.789455,21.583792,10.49366,20.49932,11.365934,20.409908,20.765415
14.453807,11.6185665,4.5878296,10.500711,25.8651,10.863016,12.423402,20.78872
21.975368,1.997922,3.6057873,9.323241,16.218239,2.5451455,4.4590807,20.788738
14.465225,4.8145094,16.232817,10.501349,14.674301,3.2842126,4.2794333,5.3295565
14.285035,2.19728,4.819319,2.9698758,43.4878,9.436719,22.567734,4.2807264
43.700687,11.790747,27.619118,10.501349,41.622116,11.396193,24.12804,5.107236
44.540264,11.74571,28.090015,1.9351015,43.56725,11.406967,27.431503,5.8222923
44.54029,11.791021,28.091393,1.9474983,43.567375,11.40834,27.43594,4.5065136
44.41991,1.994865,5.179139,1.9961925,43.510273,2.5461392,8.289621,20.787172
13.739829,5.3508615,11.735608,10.501349,14.658822,4.2856674,4.2179537,6.099147
17.96957,11.785709,27.833185,2.0240607,43.24365,11.4081135,27.432106,4.2699146
22.048948,1.9964757,13.156164,1.9351106,16.094868,2.545909,5.2493725,9.382759
13.741114,3.020058,4.445019,10.501349,14.658752,2.552287,4.1932297,4.826815
15.810006,1.9947834,4.9507475,1.935091,15.016419,2.5451455,4.206769,6.304154
13.739452,1.9947834,3.7800207,8.961147,14.658762,2.5451436,4.2372084,3.907146
13.739369,1.9960055,3.652708,10.491066,14.658733,2.5451665,4.192271,5.0611877
13.739537,2.0220447,8.4656315,10.501349,14.658733,2.5461435,4.1929092,3.370823
44.54029,11.791021,28.091393,10.499982,43.567375,11.40834,27.43594,20.788734
13.739369,1.9971566,5.108387,10.46164,14.658733,2.5451446,4.1922884,7.027866
22.655521,2.9305723,4.3922396,10.501349,18.140335,2.7255263,4.449733,20.788666
13.739369,2.3724737,5.799695,1.935216,14.660843,5.448915,5.840046,7.0256877
13.739369,2.0156045,4.2965946,10.5010605,14.658733,2.5453572,4.1923323,8.571517
40.661175,1.9947834,9.030315,2.00282,15.842869,2.5451417,6.9873686,20.788738
13.739998,2.0939116,6.0758734,1.9350929,15.043889,4.296315,10.552682,6.166642
14.15214,3.3097732,3.784711,10.500965,41.78864,6.9627495,12.161854,5.0586386
16.308882,11.78812,3.5405397,10.501349,20.884655,3.4779518,4.214141,20.788723
13.770518,2.5292926,4.3424597,2.0226874,29.732235,5.3855653,17.195742,7.083603
13.739369,3.1771398,14.548147,10.490538,14.658733,2.7942348,4.1927156,7.3491135
44.260918,1.9947834,8.416726,1.9352841,38.537624,2.5451417,6.392848,20.78817
13.739369,1.9949427,3.5279865,10.501349,14.658733,2.5451417,4.192271,2.9237719
25.137415,1.9954071,21.34388,1.935091,43.556934,8.604775,23.979597,5.9225545
17.687086,5.506137,4.130349,10.501347,34.074104,6.8904915,7.238947,4.4326468
13.7398405,8.8158,13.58766,10.501349,14.658733,7.447708,4.1925335,3.7240696
43.73654,1.9947834,7.6977854,10.184717,34.645973,2.5451984,15.165425,20.788738
18.229841,2.0321527,6.6597757,10.486797,17.196507,2.5812783,5.829891,5.304308
43.7269,11.7904825,26.898624,10.501218,43.452503,11.399572,26.552582,20.565434
44.17184,1.9947834,6.3894434,1.935113,27.543707,2.5451417,5.529793,20.788738
44.539948,11.791021,28.091393,10.500956,38.604023,11.40834,27.43594,20.788736
13.740954,2.008729,7.004531,2.2159047,14.661251,2.550909,4.292943,6.086316
44.53084,11.588808,28.089653,1.935091,43.567184,11.408287,27.434887,8.10157
13.740407,2.120181,11.305965,10.485971,14.660488,2.5773616,4.336397,7.6528535
44.54029,11.791021,28.091393,10.380978,43.497513,11.40834,27.43594,20.78873
17.15892,3.5450604,18.742723,1.9351201,31.460524,9.9452095,20.90618,5.342678
14.964517,4.5930147,18.600952,10.501349,14.710705,2.9879954,4.290825,5.048381
44.54029,11.791021,28.091393,2.0450573,43.56737,11.40834,27.43594,10.421472
13.740513,11.607431,25.80281,2.281457,14.6601715,11.30529,19.131802,11.868569
13.739407,2.0096707,8.440004,1.9466815,14.658768,2.5489006,4.409872,7.5369473
13.739369,2.0419955,3.609931,10.501349,14.658733,2.5644073,4.192271,3.0140266
13.739369,2.0542808,3.7516012,10.50127,14.658733,2.5504103,4.192271,7.525784
15.404519,2.262948,3.6586876,10.49719,37.47436,5.063642,8.418377,20.7886
44.53634,11.693399,21.388187,10.500496,43.07971,2.5462084,9.149859,15.135954
13.77879,1.9963994,4.8361034,1.9364467,14.72632,2.549779,6.3289127,20.778595
33.43334,2.0115323,5.2040377,10.501349,22.541943,2.6906896,7.288351,20.788738
13.757879,4.0440435,7.1961308,10.501349,14.659843,6.749431,4.216337,4.903789
41.50547,2.0015922,6.9521637,2.0787535,41.94412,2.57332,8.564502,20.788738
13.739369,7.3311367,7.621607,1.9351001,14.65877,8.752965,4.872179,7.840851
36.255005,11.1429205,11.56409,10.501349,28.662088,9.031171,4.7664547,3.6191864
13.739369,2.2508993,4.367852,10.485119,14.658733,2.5705948,4.192271,7.8022017
44.53701,8.570652,28.078094,1.9350986,43.567368,11.40813,27.435535,16.312593
44.54029,11.791021,28.091393,6.2984242,43.567375,11.40834,27.43594,19.663519
13.739369,2.3864484,3.600029,10.501349,14.658733,2.65524,4.192271,4.687964
44.466656,11.791021,28.091393,1.9868569,31.626135,11.40834,27.435936,20.788738
13.740164,9.524434,16.70359,10.501349,14.658803,8.862326,4.2052536,5.761832
20.328966,1.997376,4.570217,10.466921,31.537048,2.6050806,16.156296,20.788494
33.995712,1.9947858,5.3445807,1.935226,43.0468,2.5482278,14.090484,20.787708
13.739369,3.3804996,3.6658802,1.9483366,14.658738,5.1165037,4.199645,6.759572
14.041523,2.4115152,3.7905464,3.8473105,15.102866,2.756803,5.1611843,20.71592
14.122696,2.008634,4.9152994,1.9628973,34.77216,2.883605,12.914049,7.718553
41.613472,11.777068,28.089218,1.935091,43.566868,11.408335,27.435818,5.381955
44.538815,2.0108585,16.86043,1.9457617,31.989704,2.5451417,7.6047735,20.788738
44.54029,11.791021,28.091393,1.9394746,43.567375,11.40834,27.43594,20.788738
13.843958,4.5593557,9.613566,10.50128,14.949952,5.578744,7.5243864,5.3961062
13.796448,2.0125237,3.8041782,2.2529094,42.908455,7.088712,21.136415,4.2526197
44.531418,1.9947834,4.8272257,1.9350944,43.557312,2.5451417,5.795658,20.788738
25.591799,1.9996729,4.1305685,10.003792,22.854103,2.545638,5.924918,20.714745
13.739369,2.008287,3.5428333,1.9350991,14.658733,2.5456371,4.192271,8.516346
13.910468,4.618007,4.4282646,10.500669,23.755703,7.546981,7.360593,4.3795776
13.739369,2.0140958,9.6155205,2.0113282,14.658733,2.546327,4.204191,8.091808
40.14138,11.791021,28.091393,1.9580741,35.60663,11.40834,27.43594,14.533285
44.54029,11.791021,28.091393,1.9396629,43.567375,11.40834,27.43594,20.767847
13.739369,2.0357094,3.530877,10.501349,14.658733,2.633071,4.192271,3.4708242
44.54029,11.791021,28.091393,1.9350944,43.567375,11.40834,27.43594,12.914649
13.739369,3.251195,4.676667,10.501345,14.658733,2.5626392,4.192278,8.588274
20.36657,11.775243,25.712143,10.501349,17.80036,11.230943,15.873199,5.166398
44.54029,11.791021,28.091393,1.9352417,43.567375,11.40834,27.43594,7.6561165
44.170044,4.544423,27.867096,1.935091,43.567364,11.406511,27.43312,4.43897
13.739369,3.1408167,8.153275,10.501324,14.658733,2.6031613,4.192293,5.749429
13.739382,2.394516,5.577656,1.935091,14.691282,7.8025875,9.352798,6.5777235
44.54029,11.791021,28.091393,2.6619613,43.567375,11.40834,27.43594,17.665958
13.739369,3.1678913,6.668475,1.9350986,14.658733,3.6313062,4.29319,8.766088
42.07178,11.48536,4.9668837,10.501349,41.420483,8.183287,4.446783,20.711262
13.739369,2.0641613,3.9727163,10.501349,14.658733,2.546864,4.192271,5.822959
44.50734,11.791021,28.091389,7.1383705,40.155037,11.408337,27.43592,20.788738
13.746902,2.1581488,8.345619,10.501349,14.658742,2.5475793,4.1928062,3.828205
44.54029,11.791021,28.091393,2.0774865,43.567375,11.40834,27.43594,20.788738
13.739369,8.191027,7.311549,1.935091,14.659041,11.202841,8.009665,11.844743
13.739369,1.9999089,4.994504,9.947831,14.658733,2.545319,4.1923046,5.6903124
44.54029,9.9823,28.091152,1.935091,43.567375,11.40831,27.435764,3.8027725
43.140617,6.9051075,10.869377,10.501349,38.585915,8.545166,5.227646,3.3489885
44.265976,1.9948916,7.8006697,2.1464157,43.532043,2.5463357,10.51377,15.319722
13.739393,3.13221,20.876892,10.501349,14.658733,2.5478902,4.192271,3.0889225
13.739685,2.4402971,7.2561903,10.500839,14.659824,3.8356392,4.4217978,4.8248734
29.23707,11.129729,19.460482,10.501349,15.231583,8.202554,4.3366528,4.009467
44.50383,2.3144116,19.436293,1.9560819,43.25242,2.5560036,21.079481,20.788738
13.739369,1.9950294,3.6174173,10.501344,14.658733,2.5451636,4.192271,3.8256502
44.540283,11.788836,28.062057,10.500791,43.567303,11.4045725,27.385174,3.151825
44.540108,3.1280572,27.67791,1.9350958,43.565952,2.662044,26.569534,20.788738
17.527344,2.0432491,5.126258,10.501349,17.32772,2.573882,5.141532,18.683382
32.54295,9.966103,17.230381,10.501349,15.162015,10.735645,4.2052193,3.2333202
44.54029,11.791021,28.091393,1.9350939,43.567368,11.40834,27.43594,7.9848633
44.54029,11.791021,28.091393,10.295474,43.215153,11.40834,27.43594,17.854523
44.54029,11.791021,28.091393,1.9401493,43.567375,11.40834,27.43594,20.788738
13.739369,6.5066924,8.717335,1.9632101,14.658733,4.1708155,4.194929,9.860384
13.739369,2.0000644,4.5534306,10.501341,14.658733,2.545146,4.192271,3.7219553
40.30347,2.1122217,5.56406,10.501349,41.82016,3.246509,6.1511564,7.535123
28.16762,11.790953,28.087898,1.940948,43.56413,11.408339,27.43591,4.685193
44.245987,11.786612,21.47546,10.501349,39.872482,11.18717,4.967846,5.229974
44.540276,11.791021,28.091393,1.9351249,40.423775,11.40834,27.43594,20.785831
13.739369,2.0076265,3.6014805,1.9353633,14.658733,2.5455823,4.192271,9.18454
44.54029,1.9948897,25.256046,1.9351902,43.560165,2.5451417,7.219018,20.788738
13.739369,2.1773105,3.5312767,10.501228,14.658733,2.6733503,4.192271,3.796585
43.518898,11.55867,20.32227,10.501349,33.275837,9.641645,4.4215717,4.4744368
18.178333,3.947169,3.7389507,10.501347,17.019375,3.7539234,4.475458,20.788738
14.585354,1.9993968,8.676483,10.501349,15.116268,2.5465503,5.2375927,6.9679475
13.741152,3.1343963,8.890116,10.489866,14.659211,2.6668706,4.2496195,4.8012166
13.739436,2.578391,4.1909113,1.9364867,14.7150955,5.0411315,8.887407,5.9619403
23.333384,2.0084462,8.618895,10.499094,42.027798,3.4462605,19.335258,4.209938
13.739369,8.744462,5.1901693,10.501349,14.658733,6.423173,4.19248,7.743556
44.54029,11.791021,28.091393,10.500255,43.567238,11.40834,27.43594,20.788738
13.739378,2.0375514,9.1529045,10.176838,14.658733,2.5559697,4.275236,6.7635703
14.385029,2.026956,4.368067,1.9411545,43.523983,8.498978,23.357468,4.158808
44.54029,11.791021,28.091393,8.590329,43.567375,11.40834,27.43594,8.746786
13.743283,2.2021093,9.720484,1.935091,34.25829,10.605274,20.75121,5.34292
13.739369,4.197604,14.904214,10.470556,14.658733,3.5601518,4.198184,6.920131
36.270233,10.953732,23.281118,10.501349,14.8920965,9.61877,4.2388935,3.323042
13.739369,3.0947168,4.648093,1.9381876,14.658733,4.562009,4.1928635,10.935211
38.072773,1.9948235,6.471999,10.417681,38.20646,2.545475,7.2851744,20.788494
30.702778,11.757105,27.841581,10.500294,43.556065,11.407469,27.425377,5.5815735
14.525325,10.668789,14.754283,10.501349,17.728025,11.014038,9.052958,5.900857
13.8437395,2.1765833,10.623947,10.501349,14.671753,2.775559,4.300521,3.4606075
29.90826,11.458856,3.542328,10.501348,14.748436,2.5454998,4.2006865,20.788738
42.236702,2.001978,5.447686,2.3602736,43.566933,8.585325,26.188614,12.870751
26.984306,2.0348544,4.165201,10.497236,43.514748,8.855323,17.694647,20.504238
44.51365,1.9947948,25.11166,1.935091,43.56528,2.984251,16.43022,11.007904
41.55346,10.693226,23.841393,10.501349,21.575312,9.353037,4.259927,3.0551043
44.381123,1.9947834,5.049988,1.9395595,43.5486,2.5452547,9.017776,20.779593
13.739383,7.7485375,7.1421366,10.501341,14.658733,5.520396,4.197736,8.465082
13.744034,1.9951081,5.728059,10.501349,14.658744,2.5452318,4.192522,3.0361156
13.739369,2.133308,3.7240248,10.501349,14.658733,2.590765,4.192271,3.6015234
13.774465,9.063256,23.310728,1.935091,41.199432,11.40225,27.31487,6.362186
13.739369,1.9948335,4.906514,2.0836945,14.658733,2.5451417,4.192271,7.7174144
13.99457,2.0138526,3.6318007,4.211585,40.836533,4.652141,14.655878,20.73862
13.739369,3.0862958,4.7735195,1.9352021,14.658782,4.1158667,4.413004,9.239655
44.54029,11.791021,28.091389,1.9351554,42.679962,11.27092,27.430767,8.294012
44.54029,11.791021,28.091393,10.034228,43.567375,11.40834,27.43594,20.788738
44.54029,11.791021,28.091393,1.9351501,43.567375,11.40834,27.43594,6.9900947
42.12452,1.9947853,7.5301886,10.406797,40.055412,2.5521827,16.408783,20.788738
14.960851,2.1874952,4.3639812,10.49968,42.617447,8.316134,17.334192,10.728241
35.41907,1.9947834,9.0897045,2.0326838,31.95953,2.545704,12.341728,20.788738
44.539597,1.9947944,14.143969,1.9353085,43.562256,2.5452065,10.849886,20.788738
44.479343,11.791021,28.091393,1.9938803,43.560284,11.40834,27.43594,6.9487314
13.739369,10.503466,12.836657,1.935091,14.658755,11.256153,5.989209,5.492023
44.296856,11.7897625,28.089327,1.9351006,43.56648,11.408339,27.435892,3.6737528
13.746646,6.789647,6.30972,10.501349,14.658733,2.5516949,4.192278,3.0615892
13.739411,2.5758376,10.611748,2.9804554,14.658906,2.6245313,4.311817,7.292877
13.739369,4.2036133,3.734889,1.9352121,14.660083,5.630991,4.926676,19.94447
44.54029,11.791021,28.091393,2.0503535,43.562965,11.40834,27.43594,7.425775
13.747212,6.7508893,7.190318,10.501349,14.713471,9.196864,7.0259905,5.481532
13.739369,2.0026922,4.3597307,10.501349,14.658733,2.545691,4.19228,7.654092
40.047295,3.2292697,4.2873583,10.501349,37.83495,3.3005223,5.5187626,20.788738
13.742971,5.8782916,22.582218,10.501349,14.658738,2.605246,4.1926756,3.8537006
44.502003,10.8510475,28.086086,1.935091,43.567375,11.408304,27.435677,19.949379
13.739369,2.0164027,3.6749506,1.93788,14.658733,2.5456786,4.192278,9.009517
13.750831,1.9947844,7.1066933,1.9350958,14.676249,2.5451632,4.4984264,11.194108
13.740232,5.036294,5.861841,10.501036,14.686925,7.3642607,5.2197456,6.3773093
15.406524,2.1348057,3.7776594,10.500903,43.189693,6.019498,14.535765,4.8093185
44.54029,11.791021,28.091393,1.9364657,43.567375,11.40834,27.43594,20.66174
44.54029,11.791021,28.091393,1.9351192,43.56698,11.40834,27.43594,4.2788434
13.739376,2.01091,6.663062,10.501349,14.658733,2.546814,4.1923857,4.003932
44.54029,11.791021,28.091393,1.9353309,43.567356,11.40834,27.43594,12.058021
44.53426,11.791021,28.091393,10.487607,43.531994,11.40834,27.435936,20.550482
13.739391,2.0004168,6.9403706,10.501346,14.658733,2.5461812,4.193222,3.9584541
44.41989,11.786915,25.323372,10.501349,22.389599,10.088009,4.39375,3.594967
44.375343,11.791021,28.08102,10.285383,40.74247,11.400936,27.429438,20.256134
44.54029,11.791021,28.091393,10.145142,43.56118,11.40834,27.43594,13.745794
43.730118,11.791021,28.091393,1.9408202,40.223938,11.40834,27.43594,20.582533
44.54029,10.251079,28.091316,1.935091,43.567375,2.822021,27.435139,20.788738
44.54029,11.584996,28.091393,1.9350986,43.567375,2.54778,27.435925,20.788738
44.537727,10.057915,28.089725,1.935091,43.567375,11.408329,27.435652,9.739059
37.299637,2.536511,9.739478,10.501349,42.67884,4.5815578,10.058354,3.6330566
13.871675,1.9954576,6.498851,1.9379177,15.035316,2.565545,11.305805,20.788696
13.767686,2.0545545,3.7979527,1.9351096,33.968037,4.880802,15.992519,20.7352
44.54029,1.9947834,28.055805,1.935091,43.567375,2.5451508,27.15665,20.788738
44.54029,11.791021,28.091393,1.9351583,43.567375,11.40834,27.43594,4.2101927
13.739369,11.078945,14.763216,1.9351606,14.658733,8.260418,4.26233,9.619152
35.14397,3.665842,4.123316,10.501349,34.453663,6.324809,4.7825594,20.788555
13.739369,2.0908647,3.9670248,1.9365058,14.658733,2.5731502,4.1923857,10.245131
13.739369,2.4754324,14.95787,7.4119916,14.658733,2.5708318,4.1940594,9.253535
44.54029,11.791021,28.091393,1.935091,43.567375,11.40834,27.43594,20.785042
13.739369,2.7613864,4.4681673,10.486771,14.658779,4.654461,4.4834957,7.530963
13.85153,3.4210668,3.764907,10.468221,26.15207,3.7803385,9.510872,6.4754434
13.739369,8.015633,4.8071623,10.501349,14.658733,4.2256804,4.192271,3.4140205
15.348148,4.7743506,11.679211,10.501349,14.676266,5.232568,4.202574,3.1171312
44.406387,11.646005,23.87892,10.501349,29.762337,10.16894,4.2346754,2.9182472
20.841759,1.9948115,3.626543,10.501349,16.837112,2.5451598,4.5703926,20.788738
13.739376,1.9947834,4.2536745,9.707518,14.658733,2.5451417,4.1943293,19.775406
38.043285,2.2639546,6.5235863,10.501349,40.105118,3.7124794,11.32433,15.512936
13.752669,2.0818853,3.8007011,10.501349,14.66239,2.5509229,4.195381,14.620196
40.88556,3.5774953,8.919547,10.501349,35.48818,2.90233,5.4316463,19.067806
13.739369,2.3840022,3.6098385,10.501349,14.658733,2.5648665,4.192271,3.2161531
44.54029,11.791018,28.09137,1.9350934,43.567318,11.367904,27.435703,4.1680284
13.748411,2.0022798,4.8831234,1.9352403,14.947016,2.874721,5.280141,5.692412
14.270901,11.791021,28.091322,1.9351196,14.863779,11.40834,27.435884,5.627098
44.54029,11.78989,28.091305,9.537037,43.567375,11.40834,27.435892,8.174959
13.814001,10.428354,15.173158,10.501349,14.798798,8.349042,4.9532986,6.8746595
13.739369,2.457621,4.4192867,1.9350967,14.69177,6.79218,10.458364,6.7674594
44.54029,11.791021,28.091393,10.501349,43.5673,11.40834,27.43594,4.8545814
25.300938,9.633978,17.423666,10.501349,17.405254,3.6495647,4.4948883,5.447881
13.747475,1.9948616,4.918154,10.501349,14.659137,2.5451503,4.211092,8.216562
13.739369,2.0318394,3.5376272,2.211707,14.658733,2.5681887,4.192271,7.1399593
44.54029,11.791021,28.091393,1.9350972,43.567375,11.40834,27.43594,20.772133
13.795593,2.193089,22.279385,10.501349,14.658733,2.550767,4.192425,3.2772474
44.540276,2.0092444,28.005413,3.225634,43.56711,2.5694904,27.21479,20.788738
13.927122,1.9976721,6.5461826,10.498581,14.742489,2.5466337,5.703204,20.786293
44.518444,2.0065408,7.605402,10.476209,42.213123,2.5484548,6.063246,20.757645
44.54029,11.791021,28.091393,1.9351039,43.567375,11.40834,27.43594,5.349242
44.54029,11.791021,28.091393,1.9500966,43.567375,11.40834,27.43594,3.9733214
15.14302,11.0902,9.637117,10.501349,14.6718855,6.6003175,4.194645,2.9288502
41.24816,11.791021,28.090668,4.154239,42.876053,11.40834,27.43583,20.401554
44.54029,11.791021,28.091393,10.498535,25.447794,11.40834,27.43594,5.833989
13.739369,2.0084968,4.9861984,10.501349,14.658733,2.545751,4.1923275,3.617237
15.150162,11.791015,5.235137,10.501272,14.871773,3.2753897,5.616973,20.788738
13.739845,11.393364,5.8868437,10.501349,14.658763,8.697372,4.194126,6.5759416
44.445225,1.9947834,13.635419,1.9350939,37.038246,2.5451417,4.660119,20.788702
44.54029,11.791021,28.091393,2.53573,43.567375,11.40834,27.43594,20.78396
13.743739,11.190155,12.27298,1.935286,35.555412,11.354391,26.590748,8.103989
34.22078,2.1209016,5.2801905,10.501349,38.688644,2.8142838,10.256721,20.782976
14.506213,2.1393542,15.738799,1.935091,43.14551,11.169539,24.666592,4.275633
44.54029,11.791021,28.091393,2.582326,43.567375,11.40834,27.43594,20.785791
14.741833,1.9947834,3.7955866,3.9136484,14.701411,2.5451417,4.5405035,20.788738
19.761871,1.9965358,4.1877184,10.500053,30.81326,2.955984,14.315736,20.788738
31.553827,1.9947834,6.446458,1.9403934,42.32162,2.5495067,11.834286,20.788738
13.815507,1.996676,8.193183,10.501349,14.65886,2.545424,4.1931286,3.1335373
20.904537,4.332775,12.29077,10.501349,31.7136,6.519453,11.93512,3.887477
44.54029,11.791021,28.091393,1.9375525,43.567375,11.40834,27.43594,20.788132
13.741927,2.6810074,8.210533,10.501349,14.659028,6.052036,4.255905,5.4346285
14.113016,11.782648,26.021044,10.496997,17.814983,11.377299,26.325375,10.116297
14.050932,3.6844258,5.0722685,10.501348,25.023691,6.1953793,6.7495937,5.35036
44.540283,11.790937,28.091385,1.9351349,43.56736,11.408331,27.435932,5.7735825
40.405045,1.9947834,3.9034338,2.0997171,23.172905,2.5451417,4.477892,20.7858
44.54029,11.702217,28.087315,4.113984,43.566933,2.9171505,27.343803,20.788738
29.571432,6.0550175,3.6481285,10.501349,29.132807,2.689467,4.2334385,20.788683
44.54029,1.9947834,28.060541,1.935091,43.567375,2.5452766,25.36654,20.788738
16.32026,11.6456375,24.689907,2.2477424,31.33414,11.293253,26.842194,20.788654
13.761314,1.9947863,5.9867954,1.9350944,14.681453,2.5453181,4.476639,3.9256387
44.54029,11.791021,28.091393,1.9367561,43.567253,11.40834,27.43594,20.74385
13.739369,4.2903013,5.2961864,10.501349,14.658733,2.8897061,4.1922827,6.3490086
17.720974,4.308977,15.722842,10.501349,14.712095,2.8366628,4.2086496,3.2725248
31.219479,2.0532885,21.102478,10.501349,17.139574,2.74335,5.212632,4.1892347
22.615303,11.791021,28.091301,1.9359632,15.4743805,11.40834,27.43574,20.788738
43.44813,7.2670827,27.236942,9.297042,43.56712,11.402992,27.41954,5.1937585
27.161343,2.1194868,11.964261,1.9352808,43.56274,11.213522,27.058842,4.892264
44.52603,11.761147,28.08928,1.9351172,43.56728,11.408338,27.435827,19.551285
43.780502,11.755531,27.053028,10.49058,43.509335,11.254414,27.170853,4.9450097
44.54029,11.791021,28.091393,1.9394855,43.567375,11.40834,27.43594,18.544956
13.739369,6.9846535,6.6141233,1.9354692,14.658733,8.262683,4.7595997,10.42851
16.30028,11.6771965,14.818593,10.501349,14.659112,9.948248,4.1925793,2.9243832
44.54029,11.791021,28.091393,1.9677186,43.567375,11.40834,27.43594,7.258634
13.739369,2.6114426,3.6213608,10.501349,14.658733,4.705075,4.192271,4.0162024
18.763027,2.0432024,4.8224487,10.501347,30.120634,5.4053383,13.191377,20.788677
44.50704,11.791021,28.091393,1.9490724,43.083412,11.40834,27.43594,20.769184
44.54029,11.791021,28.091393,1.9350991,43.567375,11.40834,27.43594,9.05065
16.828465,11.436544,24.586079,2.124771,43.191856,11.40644,27.389072,20.78854
14.298347,1.9948049,8.252348,1.9724746,14.671178,2.5451427,4.635193,20.78866
44.539757,11.791021,28.091393,10.486816,42.764755,11.40834,27.43594,7.107087
44.54027,11.791021,28.091393,1.9354644,43.567375,11.40834,27.43594,5.3422713
14.028865,11.766467,26.604435,1.970861,35.711853,11.394766,27.325668,6.4409943
14.248613,7.8950987,9.316481,10.501307,23.071556,8.231679,12.594385,7.014801
43.497955,11.790475,28.07254,10.501349,43.51197,11.408192,27.419418,4.247396
44.54029,11.791021,28.091393,1.935091,43.567375,11.40834,27.43594,4.315401
13.746486,2.1169434,6.6591635,10.461325,14.79259,3.1178935,7.3778896,10.591468
28.005798,6.9007177,3.693347,10.501349,41.12602,8.248332,5.2324677,13.8775015
43.52485,1.9961858,6.262759,1.9365392,36.99523,2.5454154,4.380144,3.2859306
44.472748,2.1619968,20.75552,10.501349,14.697888,2.5452085,4.1923056,2.8628235
44.54029,11.791021,28.091393,10.424819,43.567375,11.40834,27.43594,20.788357
44.540264,1.9947834,4.8705883,1.9810209,43.433613,2.5451417,4.277322,20.788738
32.689632,1.9947867,10.768858,6.562844,17.75045,2.5451732,9.219018,20.788294
22.943739,1.9947834,7.4914684,3.961938,23.267048,2.545412,6.7873363,20.786888
13.742744,7.6281776,6.882654,10.501349,14.666757,5.392299,4.364897,5.880282
13.739676,10.217001,5.6278925,10.501349,14.658765,5.5658216,4.1983232,7.5178785
13.740237,3.5932467,6.135974,10.471996,14.674711,3.5050926,5.372859,6.904474
44.54029,11.791021,28.091393,1.9374442,43.567375,11.40834,27.43594,16.950886
25.990017,5.043991,5.007839,10.501347,43.269775,10.396998,12.497348,6.5481434
44.54029,11.791021,28.091393,1.935091,43.56656,11.40834,27.43594,11.867723
15.858909,1.996449,4.1545897,1.935101,43.531544,6.3844066,19.112175,20.516209
13.739369,2.1464858,4.830386,10.501349,14.658733,2.595828,4.1923456,4.832645
44.54029,11.791021,28.091393,2.0989628,43.567375,11.40834,27.43594,20.788738
15.627156,1.9948936,9.412629,5.43898,16.554413,2.5484314,15.776978,20.788723
13.739369,8.752338,3.654582,10.501349,14.658733,2.7901392,4.192271,2.9352732
44.54029,11.791019,28.091393,1.9468951,43.567375,11.408318,27.43594,20.665428
38.685287,11.790818,4.595585,10.501349,14.801343,6.913426,4.2119827,20.78842
44.54029,11.791021,28.091393,10.501298,43.567375,11.40834,27.43594,3.4210157
13.73957,4.8734927,4.7050095,1.9440188,15.013539,8.80075,13.894823,6.9054327
43.007435,11.0121975,17.221844,10.501349,43.466354,10.908328,18.160728,3.611744
44.02951,9.532207,21.801308,10.501349,41.34929,10.548336,6.8146915,3.3509264
43.912872,11.789946,28.089497,1.9351621,43.23353,11.408229,27.43164,7.360631
14.150401,6.8458343,7.8544273,10.501349,14.671334,4.036705,4.218169,4.0765257
44.540024,5.1535363,25.767769,10.458912,43.564114,2.5971785,25.82873,19.372753
14.744704,11.791021,28.091291,8.455638,14.755907,11.40834,27.435263,20.788658
44.54029,11.791021,28.091393,1.9358897,43.567375,11.40834,27.43594,9.474612
13.740861,11.789064,28.077673,1.935091,15.036154,11.408314,27.421997,10.030003
14.777015,2.0980825,5.13299,2.3336513,43.39772,7.9787517,24.258732,4.2709923
44.54026,11.791021,28.091393,1.9354506,43.567066,11.40834,27.43594,6.2368636
42.71323,5.2914147,9.551889,10.501349,39.691933,9.516695,5.3804417,3.2803593
44.54029,11.791021,28.091393,2.1675725,43.567375,11.40834,27.43594,20.788738
44.390118,10.666351,18.577177,10.501349,42.810516,10.325088,4.8510323,3.1563168
13.8798065,8.262672,13.18202,10.501349,14.79933,7.720527,5.30595,6.6335526
13.739369,1.9949026,3.6133528,3.5820262,14.658733,2.5451417,4.192271,3.8188353
13.741294,2.277268,4.39756,1.9351144,35.86591,9.382071,22.45493,5.2814
13.739378,3.1567628,5.5461454,2.0195618,14.6598835,5.459095,5.9578505,7.1349726
44.53683,11.786928,18.658081,10.501349,40.92553,11.129116,4.203125,3.2931175
44.54029,11.791021,28.091393,9.413816,43.567375,11.40834,27.43594,20.788738
13.739369,6.2669983,9.653674,10.499392,14.658733,4.8679056,4.2248497,7.58174
13.739369,1.9997282,3.5731564,10.501336,14.658733,2.5451765,4.192271,7.127556
43.997574,9.398446,13.44202,10.501349,43.43713,9.665613,8.662731,3.2007513
44.494225,11.791021,28.091393,1.935091,15.846561,11.40834,27.43594,8.432482
23.929888,1.9950414,4.43602,6.627157,27.346718,2.5575986,9.914347,20.788738
42.955734,7.906699,5.746627,10.501349,23.451082,2.5997028,4.2641516,20.788385
13.739369,2.1379042,5.38155,1.935091,14.659237,3.5169184,5.3653183,7.252189
13.739369,1.9972701,3.6621933,10.118843,14.658733,2.5454197,4.192271,4.6273637
44.38919,1.9947834,8.06505,1.9357953,37.4984,2.5451417,9.437824,20.788738
34.730766,3.9226873,4.468255,10.501349,21.344336,2.699964,4.7490816,20.788738
14.5149,2.0455823,3.8881865,7.56432,41.074448,4.3791294,14.697758,19.93824
39.16897,2.1381016,3.612834,2.7663183,18.63404,2.5452356,4.665716,20.788738
39.41961,11.7255745,28.089775,1.935091,43.565575,11.408334,27.435766,6.2106547
13.741804,3.856132,4.0026436,10.501349,14.681352,3.5549097,4.639391,6.6917033
13.739581,6.430875,10.218815,10.397436,14.663954,7.885023,6.0985737,8.496616
42.76677,2.6225214,11.812444,10.501349,43.49733,8.320745,11.21253,3.7443838
34.787056,1.9949269,6.247122,7.6546507,20.856781,2.5453124,10.302261,20.788738
44.54029,11.791021,28.091393,6.9123793,43.566837,11.40834,27.43594,20.788738
13.739369,3.9353359,3.5294714,10.501349,14.658733,5.161512,4.192271,3.080575
44.54029,11.791021,28.091393,4.673716,43.567368,11.40834,27.43594,20.785175
15.099124,10.778576,4.5327168,10.501349,15.04345,10.3517685,4.2110367,3.008788
22.372276,8.0050535,6.8842688,10.501349,30.39097,6.863664,5.191965,4.5047007
44.54029,11.791021,28.091393,1.9351225,43.533653,11.40834,27.43594,14.678727
13.739369,2.236524,4.8130665,10.501287,14.658733,2.8881116,4.1923475,7.104276
13.739369,1.9948468,3.5281658,10.500879,14.658733,2.5451455,4.192271,4.933306
44.209496,1.9947834,4.064392,1.9351087,38.811787,2.5451417,4.3778057,20.788738
13.7397585,2.0147195,4.323618,10.501201,14.65885,2.546154,4.2069807,4.3387227
44.540283,1.9947834,5.3612413,1.9350924,42.914864,2.5451417,4.222479,20.788738
44.54029,11.791021,28.091393,10.498751,19.936672,11.407122,27.435928,20.788715
13.99831,1.9948812,9.46579,4.7081566,15.487402,2.5475345,7.5745735,6.6506414
44.54029,11.791021,28.091393,10.471358,43.567375,11.40834,27.43594,20.623537
44.54029,11.791021,28.091393,1.935091,43.567345,11.40834,27.43594,16.662394
44.54008,11.79102,28.091393,1.935091,43.56737,11.40834,27.43594,3.720623
44.54029,11.790963,28.091393,1.935091,43.567375,11.40834,27.43594,10.554965
44.540276,11.791021,28.091393,10.320516,43.553783,11.40834,27.43594,20.788738
44.54029,11.790976,28.091393,1.9351039,43.56737,11.341528,27.435934,20.788738
13.739412,7.7495227,10.454815,2.0631275,14.65875,6.3584056,4.658471,7.4692535
13.739369,2.7129278,3.6551962,10.501349,14.658733,2.699768,4.192271,2.8657484
44.54029,11.791021,28.091393,3.0997577,43.567318,11.40834,27.43594,20.06656
31.44153,1.9961438,4.705907,1.9896121,43.3584,2.6142144,12.870289,6.4677267
44.54029,11.791021,28.091393,10.4914055,43.567375,11.40834,27.43594,20.788738
44.54029,6.781409,28.083208,2.3129344,43.560577,2.5451417,25.137867,20.788738
22.720623,2.029643,10.304568,1.9418464,43.52593,10.696867,26.373505,20.788727
44.54023,11.791021,28.091393,2.3289378,14.673174,11.40834,27.43594,20.788738
41.989246,1.9948077,4.936061,2.8031063,43.46338,2.815621,12.545226,20.788689
13.756913,11.290955,5.9534063,10.501349,14.659672,10.396679,4.194541,3.4544973
13.739414,2.2828016,4.880369,1.9369159,14.669917,4.238079,8.0493355,20.48714
36.19487,1.9948359,3.954936,2.415273,41.68976,2.5527072,7.407673,20.788738
13.739369,5.4493885,9.213011,10.501349,14.658733,2.5814352,4.192415,8.325988
14.503666,2.2631388,3.7850256,1.9733682,39.16221,3.2436469,9.408573,20.786549
44.538292,11.791014,26.976353,10.501349,14.703159,9.163523,4.192271,2.8612833
13.739369,2.2926178,3.834468,10.5013485,14.658733,2.6549816,4.192271,6.0629644
15.511538,11.0385,27.639526,1.9350924,43.529285,11.407364,27.42831,15.236672
13.739369,2.0891151,5.4179897,1.9401574,14.658733,2.556026,4.198449,8.311457
13.739369,3.6528368,6.2453747,2.0426126,14.658771,4.9939747,4.4785423,9.011024
14.04083,7.292661,4.9323997,10.489666,40.296295,9.30626,16.306707,4.983574
13.739369,11.787016,27.824554,1.935091,14.658733,11.403868,16.296078,7.8802204
13.739369,1.9971385,3.8827524,10.501322,14.658733,2.545158,4.192271,4.034446
13.741519,2.0300307,3.6999226,1.935091,24.199797,7.022431,12.866037,20.768408
44.442078,1.9947834,3.6066694,1.9352078,36.6797,2.5451417,4.435996,20.788738
44.540127,11.791021,28.091393,10.500963,43.302227,11.408339,27.435839,4.11947
42.43151,11.740116,26.656055,10.501349,14.65893,2.7533937,4.192271,2.8679419
22.559563,1.9947834,8.149223,1.9712696,14.661559,2.5451417,4.200548,20.784073
44.54029,11.791021,28.091393,1.9546962,43.567364,11.3881,27.43594,20.788738
27.626583,2.0498052,21.897007,1.935091,43.561672,11.062828,27.0901,8.14161
13.739937,6.9145036,3.982171,10.331732,14.701679,5.701334,4.7862015,10.121088
44.43346,11.790794,27.871574,10.501349,26.828886,11.124783,8.035046,3.3338337
13.739369,2.007546,3.7067385,1.935091,14.658733,2.5452857,4.192271,9.637981
43.224724,11.75149,28.054234,10.481349,43.413635,11.391611,27.403656,5.3387547
24.091648,6.601225,7.8972683,10.501349,32.94753,5.7550344,6.967417,4.7834415
43.592674,9.768155,11.438776,10.501349,35.134495,3.2809842,4.7641296,3.0396996
33.84942,10.686064,11.646572,10.501349,20.951385,10.994164,4.387886,3.3065453
44.54029,11.791021,28.091393,1.9353466,43.567375,11.40834,27.43594,4.899059
44.54029,11.791021,28.091393,4.5680137,43.56736,11.40834,27.43594,11.216865
13.76922,2.2710476,6.420933,10.501349,14.659353,5.104556,4.1959915,3.0897303
24.336922,1.9947853,4.3679705,2.5492842,42.740376,2.6055803,14.322576,20.788733
13.74463,2.0020475,4.848665,1.9351015,17.446175,3.6940932,8.75677,5.3655133
13.7400675,2.2059326,3.6589355,1.935164,22.945057,7.0177913,15.433628,6.49939
13.740196,2.7156749,4.477352,1.9390025,15.992265,6.81444,15.653157,5.9416394
19.816925,10.101141,20.844488,10.501349,14.658733,2.5461588,4.192271,2.8645115
43.71175,11.791021,28.091366,1.935204,43.543365,11.40834,27.435936,11.702347
44.53961,1.9947834,21.628803,1.935091,43.567345,2.547731,22.964832,20.788738
13.740495,11.791021,28.091366,1.935091,14.697303,11.40834,27.435692,9.744168
32.24552,10.842997,18.190866,10.501349,14.660087,5.907091,4.1922817,2.8712683
13.739369,2.021649,3.5377636,1.9352837,14.658733,2.5481825,4.192271,10.252255
13.868071,1.9956803,4.95333,4.0393543,18.691536,2.5603175,18.600403,20.779612
13.739369,1.994811,3.5279608,10.501346,14.658733,2.5451417,4.192271,3.4108143
28.460758,2.0315652,3.963169,10.500851,18.558716,2.6267676,4.9878407,20.788738
13.830993,2.0610762,3.6081295,1.9376087,38.301132,3.7425246,10.0914955,17.774683
13.739369,2.5095248,14.702623,10.501349,14.658733,2.5510058,4.192377,6.9639406
26.099562,11.697559,7.9040904,10.501349,15.424374,2.6115294,4.217778,20.764168
44.528587,11.7909565,28.091312,1.9350948,43.490734,11.408339,27.435764,3.9856052
14.423476,9.260521,4.6027536,10.501349,14.977582,4.076336,4.234173,16.91037
44.540268,4.080449,28.077614,1.9350953,43.56737,9.639113,27.422413,20.784431
44.531834,1.9947834,16.865026,1.935091,24.559586,2.5451417,4.6843824,20.788738
44.54029,1.9947834,6.326912,1.935091,43.504417,2.5451417,4.195922,20.788738
29.380127,1.9949455,4.5691433,10.498863,18.019438,2.5452385,5.832329,20.788738
44.540283,11.412446,27.818974,1.9587979,43.56732,7.992382,27.182617,12.702672
13.739369,4.739501,8.533382,2.450826,14.658733,3.5301394,4.2314863,9.406847
27.254467,1.9956574,3.85491,10.501221,34.526886,2.5729332,8.386377,20.788738
13.739369,2.0116744,3.8580008,10.501349,14.658733,2.5453959,4.192271,3.4860106
23.90186,1.9951372,4.162833,2.6508772,43.397896,2.8356347,16.63912,20.697887
13.965472,5.8941164,20.429512,10.501349,14.658733,2.5460486,4.192271,2.9522123
26.009611,2.0128016,3.839263,1.9386625,14.659492,2.5451427,4.2255535,20.788738
44.54029,11.791018,28.091377,1.9529448,43.56722,11.406857,27.435875,20.788677
17.698477,3.4044905,4.7629976,10.496962,43.21563,9.420297,14.772047,4.6043763
44.479675,11.708782,21.624653,10.501349,41.29451,10.963257,4.2819805,3.0633612
44.54029,11.791021,28.091393,1.9395027,43.566727,11.40834,27.43594,13.714503
25.19746,10.576801,11.158054,10.501315,34.343365,4.9088335,10.346054,5.6796765
13.739396,2.9584067,6.433673,10.501349,14.658733,2.6916938,4.192271,3.0341368
44.54029,11.791021,28.091393,1.9436207,43.567375,11.40834,27.43594,11.933074
16.09152,2.024724,5.345583,1.9361434,30.097458,2.5683117,9.818691,20.197086
44.54029,11.791021,28.091393,1.9356356,43.567375,11.40834,27.43594,5.9399166
42.85133,11.015234,7.057164,10.501349,35.02843,3.3130121,4.280058,8.551796
13.739369,3.7873735,3.9478674,1.9361305,14.658788,4.947919,4.4425945,7.5422716
13.739369,2.0399709,6.8397675,2.0644827,14.658733,2.5489154,4.192297,6.4045615
13.747842,2.5397377,4.778448,4.6187134,15.1155815,3.2032712,7.4500504,11.953486
15.528408,3.7669058,8.910295,10.501349,15.122869,3.4615006,4.5451736,3.8743038
44.54029,11.791021,28.091393,10.310059,43.567375,11.40834,27.43594,12.220335
44.54029,11.791021,28.091393,6.1977,43.56736,11.40834,27.43594,20.788738
13.751128,2.0126534,4.407629,1.9351029,26.487316,6.4981074,12.183163,5.49379
44.54029,11.791021,28.091393,1.9601789,43.567375,11.40834,27.43594,20.404297
44.54029,11.791021,28.091393,1.935091,43.567375,11.40834,27.43594,4.714851
44.54029,11.791021,28.091393,2.0807567,43.567368,11.40834,27.43594,20.788506
42.38359,10.314186,11.062653,10.501349,37.86186,6.7072444,4.817932,3.5341663
44.540283,11.791021,28.091393,1.9351101,43.567375,11.40834,27.43594,9.789772
44.54028,11.791021,28.091393,1.9355121,43.566902,11.40834,27.43594,6.6072364
13.739653,9.121087,9.582609,10.501349,14.658782,6.710131,4.2184896,6.352963
44.54029,11.791021,28.091393,3.044417,43.567135,11.408287,27.43594,20.788738
35.29893,11.790997,28.07835,4.1338778,32.106888,11.408192,27.427567,20.770283
34.66635,2.4271517,6.6072474,10.501349,19.127953,2.5869813,4.8753157,20.788513
44.54029,11.791021,28.091393,3.7128484,43.567375,11.40834,27.43594,17.14005
44.54029,11.791021,28.091393,10.501129,43.567375,11.40834,27.43594,17.382229
16.999508,3.8798342,12.045591,10.501349,14.928198,2.5921445,4.3730154,8.878656
44.54029,11.791021,28.091393,1.9549522,43.567364,11.403271,27.43594,20.788738
13.7394705,2.0364933,6.6621304,10.336087,14.658761,2.5693412,4.2218056,6.9343386
15.33779,1.994988,4.2311373,1.9355226,42.65857,2.6869879,17.860394,20.770931
39.208225,1.9948063,3.6854706,1.9437246,15.2106695,2.5451417,4.3566494,20.788738
13.739369,5.850875,4.335327,10.499029,14.658733,6.210497,4.197462,9.559259
44.54029,11.791021,28.091393,1.9363422,43.567375,11.40834,27.43594,15.050138
29.82318,8.048109,5.76291,10.50124,43.220016,10.120921,16.136606,17.555418
13.739369,11.790194,28.064793,1.935091,14.658733,11.406764,23.670055,9.958855
13.805144,2.0219073,5.587615,10.501349,14.65926,2.54735,4.194538,3.3554115
44.54029,11.791021,28.091393,7.6594977,43.566193,11.40834,27.43594,20.788738
29.31828,3.871223,5.4460344,10.501349,41.028282,8.381519,7.125849,4.708293
44.540115,11.791021,28.091393,1.9351897,43.557373,11.40834,27.43594,4.673753
44.53922,11.791013,28.079472,10.501349,34.97804,11.119115,13.471433,3.09017
44.539593,11.791021,28.091393,1.9350944,43.498016,11.40834,27.43594,11.741051
13.739426,2.3139281,7.7777176,10.501349,14.658733,2.9071732,4.1963453,4.968448
42.15214,2.5264802,23.616356,1.935091,43.542175,8.9805975,26.50127,9.158952
44.52433,11.772825,27.88919,10.501349,43.539482,11.350611,25.400917,3.825016
44.483025,11.767693,27.009438,10.501349,43.558506,11.35158,23.499702,3.172615
44.54029,11.791021,28.091385,10.501349,43.354717,11.408323,27.428358,4.158917
13.740515,2.6964025,7.33057,2.1347728,14.66958,3.9863129,6.4685307,8.331996
43.242416,11.557318,23.727299,10.501349,20.664402,11.183285,4.295476,3.0090141
13.809943,11.054977,15.761532,10.501349,14.6589575,6.5962973,4.1945868,4.580038
44.54029,11.791021,28.091393,2.0591755,43.567375,11.40834,27.43594,17.129478
43.048985,1.9947963,6.753625,1.9351244,43.425453,2.551611,6.9244194,9.734084
44.529102,11.790998,28.07669,6.2074347,14.799645,8.477959,27.041285,20.788736
44.54027,7.1246066,27.218374,1.9351392,43.56736,9.642027,27.287415,5.377056
13.739374,2.3183599,4.2624454,1.9350948,14.668112,5.7611074,8.395489,7.061008
15.442436,7.016957,8.861832,10.501349,19.088272,6.958728,7.94893,6.518433
44.54029,11.791021,28.091393,9.679205,43.567375,11.40834,27.43594,18.960848
42.728825,1.9947834,5.515128,1.939743,14.772332,2.5451417,4.321746,20.788738
13.739369,3.7937858,8.637827,1.9352121,14.658733,2.8807206,4.1943684,6.9468565
21.759874,11.776581,6.6440067,10.501349,31.694677,10.837218,6.0690603,9.101215
13.739398,3.2041392,7.15413,1.9397488,14.664727,8.49142,8.614786,7.4047265
44.54029,11.791021,28.091393,10.278105,43.567375,11.40834,27.43594,20.134518
44.53916,11.790837,28.088896,1.9905682,43.43369,11.041487,27.432426,20.788738
23.768497,1.9947915,7.007242,1.9352522,24.409092,2.5491304,12.167264,20.788738
44.54029,11.791021,28.091393,9.75973,43.567375,11.40834,27.43594,20.716972
44.233585,11.790797,28.090492,1.9350939,43.549355,11.408336,27.435896,3.9537215
13.739369,9.12937,3.7746296,10.501349,14.658733,4.433534,4.1923456,8.109024
13.907928,5.1040955,16.87688,2.0065923,43.44199,11.375023,27.323727,5.326731
44.54029,11.791021,28.091393,10.501349,43.56656,11.40834,27.43594,3.148159
16.585545,11.569214,7.088501,10.501051,27.785837,10.726073,17.907614,20.24514
13.739406,2.1486068,10.634347,10.501305,14.658738,2.5733557,4.202201,6.007257
33.03057,1.9969516,4.155183,10.501346,27.391998,2.5547338,5.0719576,20.788738
14.945384,4.586912,3.7033386,10.501196,29.48495,7.724578,5.105962,20.788738
15.308012,11.791021,28.091387,1.9350934,15.01654,11.40834,27.435905,7.798993
44.207962,2.000846,26.016323,1.9351883,43.493576,2.7790465,25.169586,20.787458
22.110622,2.899864,10.152971,10.501349,37.346626,4.0815706,11.47929,4.1346707
19.09906,2.6537814,5.982583,10.501349,25.123226,3.1258457,4.6996965,11.94745
44.54029,11.791021,28.091393,2.9273617,43.567307,11.40834,27.43594,15.590826
44.54029,11.55351,28.09105,5.7331314,43.567375,11.347787,27.435041,12.544915
13.739369,2.948154,4.756976,1.947052,14.658733,3.462352,4.2255363,11.123276
44.54029,11.791021,28.091393,10.367369,43.56643,11.40834,27.43594,20.785482
43.980488,1.9948149,6.2480116,2.6204932,43.563946,2.737709,14.658669,3.282401
44.54029,11.791021,28.091393,10.501347,43.45774,11.40834,27.43594,8.120663
44.22296,1.9947834,8.984833,1.9350986,43.514977,2.5454936,7.8852806,20.788738
22.697454,1.9962492,4.038353,1.9505196,18.127707,2.5476723,5.7688036,20.788738
17.047525,2.6698675,4.7262506,10.497604,40.831226,4.3987846,13.136265,4.502736
14.903152,2.515842,3.594203,10.467245,42.16205,5.656641,6.5338907,20.757256
44.54029,11.791021,28.091393,10.192269,43.567375,11.40834,27.43594,20.788734
31.019415,2.151023,10.327127,10.501349,17.826313,2.7000656,4.493868,16.405403
44.54029,11.791021,28.091393,5.2551527,43.56725,11.40834,27.43594,5.8319974
43.72667,11.791019,28.090849,1.9723496,41.1512,11.408314,27.43557,5.010561
44.531258,11.791021,28.091244,10.501349,42.36745,11.408339,27.43383,3.3030329
13.741267,10.529273,24.647102,1.935091,14.658795,10.51813,5.1946335,13.750044
13.742811,5.219637,5.5810204,10.501013,14.672023,5.204776,4.645892,5.856416
25.753906,1.9950528,6.508953,10.499735,16.885414,2.5471487,9.506139,20.788738
44.449203,11.789736,28.087696,9.938993,43.56671,11.408319,27.435753,4.4552293
44.53959,11.791021,28.091393,10.2736,41.943413,11.40834,27.43594,7.5949965
13.84545,1.9949203,7.388982,1.935091,27.302515,2.5802999,10.541166,3.8947434
44.5399,1.9947834,4.068679,1.935091,43.556637,2.5451417,4.5646486,20.788738
18.71516,1.9957352,6.1730843,4.039049,30.183247,2.5612116,13.0725,7.7295175
16.886469,10.58878,14.095184,10.495472,40.62913,10.761401,23.476166,4.578301
44.535015,11.77664,27.891006,10.501349,36.996803,8.036631,5.9813833,3.181034
38.326008,2.0089216,4.147311,10.500485,22.323135,2.5452166,4.9317093,20.788738
44.54029,11.552752,28.091324,1.935091,43.567326,11.329347,27.43541,20.779095
14.699594,11.791021,28.091373,1.9369922,14.659126,11.408336,27.431623,9.18605
21.449804,1.9954252,9.399897,10.501268,15.060963,2.5451655,5.166806,18.43079
44.1812,5.971486,16.426174,10.501221,43.542534,11.030569,25.578545,3.3843584
16.176561,11.790859,28.091011,1.935091,41.656445,11.40834,27.435862,5.7494574
13.739369,2.748178,5.4153337,10.501349,14.658733,2.5636144,4.192334,8.205656
44.54029,11.791021,28.091393,6.306584,43.567375,11.40834,27.43594,20.11988
44.54029,11.791021,28.091393,2.0152144,43.567375,11.40834,27.43594,20.787739
44.54029,11.791021,28.091393,4.97571,43.567375,11.40834,27.43594,20.786186
44.54029,11.791021,28.091393,1.9354692,43.566895,11.40834,27.43594,20.788738
38.41982,11.791021,28.091393,1.935091,39.044872,11.40834,27.43594,6.7416544
44.54029,11.791021,28.091393,2.1043987,43.567375,11.40834,27.43594,12.808982
13.741091,2.2990298,5.7720213,10.36998,14.778149,4.632636,10.864792,4.7528534
14.04496,7.869605,18.370314,10.501349,14.952886,8.364553,7.562625,6.4117546
20.815681,9.47676,22.612072,10.501349,14.669367,4.2267795,4.213726,3.3788862
13.739432,5.7869925,6.58984,10.501349,14.658733,3.486041,4.192271,3.032405
13.739369,2.2958279,4.4074144,9.688241,14.658733,2.5708036,4.1923685,6.592383
44.54029,11.791014,28.091393,1.9456105,43.567375,9.949533,27.43594,20.788738
13.854435,11.790736,28.085564,1.9350944,18.514862,11.40831,27.430443,8.810302
44.54029,11.791021,28.091393,2.408411,43.56736,11.40834,27.43594,20.744864
42.406128,8.845918,11.8124,10.501349,15.527487,6.6518354,4.1984587,3.08846
44.54029,11.791021,28.091393,1.938241,43.567375,11.40834,27.43594,20.787193
14.965563,4.0973005,5.742852,6.44689,43.472946,11.10375,24.858488,20.729998
13.739369,3.8181965,14.507107,10.275726,14.658733,2.7606578,4.229102,9.422861
13.758497,11.771637,27.87917,1.935091,31.21449,11.408308,27.423828,20.429457
24.447224,4.7514114,4.3308706,10.501349,32.0488,3.420598,5.1975365,5.5915995
14.134318,7.125262,19.003859,10.501349,14.659131,3.4625306,4.194072,4.89536
13.804905,1.9947877,8.103479,2.0102272,14.663765,2.5451488,4.540635,20.76326
44.54029,11.791021,28.091393,10.317525,43.566338,11.40834,27.43594,11.497755
44.53897,1.9958091,27.887638,1.9350924,43.56258,2.697003,25.689756,20.788738
19.593582,6.6186357,27.526463,1.935091,43.561943,11.40816,27.426504,5.7796464
14.139712,1.996181,4.2786484,2.2857745,26.314594,2.725031,17.228735,20.788734
13.739369,3.0823746,4.372862,1.9411159,14.664184,6.548967,8.294013,7.4486737
44.54023,11.791021,28.091393,2.0689263,43.567375,11.40834,27.43594,3.4005394
44.54029,11.791021,28.091393,2.089448,43.56737,11.40834,27.43594,7.5077496
40.479218,2.4573832,4.2620687,10.501349,42.569145,6.3412533,7.299139,20.787777
13.739382,9.379578,10.367493,10.501347,14.658738,5.82981,4.224927,8.593953
25.973541,11.791021,28.091238,1.9355445,15.369869,11.408335,27.435251,5.9983263
13.856604,3.5677414,15.970409,10.5013275,14.837143,4.8853207,6.2357235,4.9484797
13.756483,2.2988172,3.828331,10.501349,14.658733,2.5721622,4.192271,2.8656168
21.872952,6.2072845,10.902832,1.9357839,42.14632,10.044252,23.045021,20.78632
43.406696,2.1591558,9.40691,10.501349,43.289783,3.6711476,11.9779825,4.833193
44.54029,11.791021,28.091393,1.947134,43.563084,11.40834,27.43594,8.999972
39.816143,11.791021,28.091393,1.9353824,31.272814,11.40834,27.43594,6.887384
44.540276,3.4359312,8.399737,1.9892349,42.432713,2.5451417,4.369735,20.788738
14.255018,2.086245,8.262844,10.501341,14.688675,2.6202235,4.540183,3.9490142
14.446956,2.1187873,3.89987,4.8775334,25.514645,2.5950127,6.529214,20.642097
43.78854,11.789494,28.061909,1.9858484,43.554405,11.404273,27.432789,17.151909
44.394306,2.003149,11.170651,1.9359522,40.140327,2.54564,15.454942,20.788738
44.54029,11.791021,28.091393,1.9365792,43.567368,11.40834,27.43594,6.7150874
14.141534,3.948118,24.365345,1.935091,43.481747,11.403027,27.17494,7.266043
18.714544,8.130441,6.52693,10.501349,37.28372,6.690294,6.401663,5.3930564
44.54029,11.791021,28.091393,10.481619,43.567375,11.40834,27.43594,20.78873
15.882621,2.866518,4.938468,10.357084,43.269333,9.566301,20.55493,4.765627
44.54029,11.791021,28.091393,8.822639,43.567375,11.40834,27.43594,13.17809
38.663414,2.3510156,15.449417,2.0764127,43.564404,11.334496,27.023148,5.3676434
44.54029,11.791018,28.091324,9.981346,43.567364,11.40826,27.43591,3.771883
15.944892,11.791014,28.090458,1.9774842,36.114,11.408337,27.43573,5.1068664
13.739369,1.9966316,3.9272404,10.501345,14.658733,2.5451498,4.192271,5.602727
24.613438,2.659925,4.685115,10.501343,40.727703,5.645666,9.74722,11.743732
44.465744,11.703897,22.620182,10.501349,40.730354,10.112138,4.965292,3.443491
44.54029,11.791021,28.091393,1.9880323,43.567356,11.40834,27.43594,3.3740854
44.54029,11.791021,28.091393,1.935091,43.567375,11.40834,27.43594,9.963776
13.739369,1.9947972,3.5688057,10.501349,14.658733,2.5451417,4.192271,2.9125175
37.83724,2.0259552,3.5542936,10.501349,16.01271,2.5451417,4.208523,20.788738
44.54029,11.791021,28.091393,1.9540815,43.567375,11.40834,27.43594,11.179708
31.833374,11.478823,27.988117,1.935091,35.16007,11.342933,27.284456,7.330376
13.740371,6.484698,10.699946,10.501349,14.658806,8.260988,4.2066164,4.207063
13.739369,1.9950504,4.4968233,10.501342,14.658733,2.5451446,4.192293,4.9019775
44.54029,11.791021,28.091393,1.9352899,43.567375,11.40834,27.43594,20.378996
44.464653,10.934525,28.048122,1.9352217,43.558804,11.40325,27.4193,5.2011027
43.556423,1.9949079,5.014763,10.313969,34.54627,2.5451522,6.145298,20.787369
15.950301,2.866094,21.432184,10.501349,14.911703,2.6459146,4.5182905,4.7313356
13.739369,2.6990643,7.3806906,2.5892177,14.658733,2.5992846,4.192277,10.830475
44.508377,1.9947877,22.046144,1.935091,43.566566,2.5718398,17.934984,20.583065
13.739387,1.9948487,4.089184,10.501349,14.658733,2.5451417,4.192271,3.077404
13.7407465,1.99862,5.067313,1.9351721,21.018906,3.7872934,19.602932,8.025194
44.54029,11.791021,28.091393,10.501314,43.567375,11.40834,27.43594,20.788738
44.54029,11.791021,28.091393,1.9350958,43.567375,11.40834,27.43594,19.137209
14.250784,11.776983,24.03139,9.184263,34.764732,11.40601,26.78497,20.788631
26.143742,11.791012,28.08205,1.9407926,25.86446,11.408261,27.431347,20.788551
13.739369,8.580959,3.6414328,10.501349,14.658733,9.309715,4.192271,3.7266932
13.739381,2.000227,5.4369926,1.9357586,14.659117,2.5694375,4.671837,5.8090634
43.770786,10.8899975,10.727217,10.501349,34.35695,10.143587,4.322892,3.250184
44.54029,11.791021,28.091393,2.0320473,43.567375,11.40834,27.43594,20.788738
38.413857,2.6859093,20.593418,10.501349,21.294811,3.7907739,5.751523,3.8262773
13.7393875,2.1318092,4.2151594,10.501349,14.658733,2.5481448,4.192271,2.9847813
44.54029,11.791021,28.091393,1.9351315,43.567364,11.40834,27.43594,20.788189
13.7404585,9.322727,3.5944262,2.3772333,15.408491,5.901337,5.3278427,19.519226
13.930259,2.02629,8.032354,6.632328,19.866983,2.6531024,7.829825,4.55007
25.10064,3.8225234,4.7954655,10.501349,42.22342,5.8491735,11.859815,15.178319
44.534554,11.771425,27.374624,10.501349,36.566177,10.705618,4.3264074,3.1168709
44.54029,11.791021,28.091393,1.9350944,43.567375,11.40834,27.43594,3.7883434
44.54029,11.791021,28.091393,2.4718237,43.566925,11.40834,27.43594,6.2981625
44.54029,11.791021,28.091393,1.935091,43.567375,11.40834,27.43594,14.927274
44.54029,11.791021,28.091393,1.9465766,43.56716,11.40834,27.43594,20.788738
21.242548,1.9951353,4.2116013,2.0336628,41.06255,2.5467458,9.687622,11.623081
13.739572,4.385662,4.069291,1.9350948,14.681746,5.990764,7.062804,5.0591846
37.878616,11.70481,9.759472,10.501043,16.329247,2.6905875,7.595416,20.788086
44.46541,11.791021,28.09125,10.501349,27.588419,11.408215,27.43004,6.23652
43.659706,11.7009945,27.753782,1.9385176,35.418255,5.5042286,26.607178,20.788738
13.740524,11.714777,25.665932,3.7934356,14.658852,10.549985,10.341502,11.081664
44.237656,11.682909,22.21713,10.501349,16.919724,9.187914,4.2151766,3.4023094
13.739369,4.84478,4.817726,1.9610081,14.658733,4.392344,4.1923294,10.963551
14.4409275,1.9964547,3.7369146,2.1497598,14.688767,2.545219,4.501794,20.78872
41.70186,11.790691,28.078905,1.9351101,43.47578,11.408297,27.434967,9.200746
16.80814,1.9964938,4.4131002,2.0775023,41.130432,2.766201,17.46749,20.788712
15.494385,1.9986429,4.411002,2.4667404,25.619986,2.839737,15.661056,20.788738
13.739369,2.1803994,5.669688,2.0221972,14.658733,2.5633545,4.1924553,9.467066
13.744253,2.0341978,7.428216,7.5547304,14.766095,2.7067409,14.577809,10.277947
43.543564,2.7224822,25.41725,10.501349,14.759498,2.599843,4.1938095,3.0456858
44.119926,7.3310795,3.8647814,10.501349,27.655043,2.551652,4.2215853,20.788738
13.739369,2.2419314,5.3729687,1.935091,14.658733,2.550159,4.1922827,9.968335
13.739369,3.1681004,4.8036137,1.9371562,14.658733,2.61311,4.192481,12.399429
13.739369,1.9983478,3.6040926,10.501349,14.658733,2.5452213,4.192271,3.6318455
13.739369,2.015048,8.054935,7.9671197,14.658733,2.5513105,4.228711,9.804623
13.776475,3.6994596,5.514433,10.501322,16.033705,6.4169865,9.250259,5.360124
30.74203,1.9948268,5.0040846,7.8102307,42.17681,2.5591202,16.859901,20.788738
13.772375,2.0419903,6.343251,10.501349,14.658739,2.5451493,4.1930733,3.197011
13.739369,2.736292,4.1271124,2.7008784,14.658733,3.1328049,4.192271,9.623586
37.783432,2.209056,6.708267,10.501349,41.108364,5.3170934,10.123147,20.66286
42.32641,1.9955268,8.705904,10.501268,22.738033,2.5454483,5.0290365,20.785488
13.7433815,3.5179114,8.696959,1.9351192,33.851284,11.104397,25.083897,5.2971597
13.741082,11.788626,27.787094,1.9350977,14.680182,11.40657,27.23044,6.191652
44.54029,11.791021,28.091393,2.4407349,43.567368,11.40834,27.43594,20.788738
14.437011,2.9811573,8.853439,5.289947,33.691875,3.357875,13.5687475,5.157726
13.7393875,4.613165,7.246455,2.3875198,14.66157,5.7239323,6.3496904,7.4217196
15.927398,11.790891,28.089746,1.9476385,40.400562,11.408319,27.435606,9.577568
19.811455,2.0030274,6.205168,10.484323,28.599827,2.6358066,15.198017,20.693645
13.917427,2.088705,4.7926474,10.2389345,26.578938,4.7318926,16.455141,10.218527
13.739369,2.4326258,7.3375416,10.501349,14.658733,2.5530496,4.192271,4.1778035
13.74125,2.0199614,5.134424,10.501349,14.658733,2.545206,4.1923876,3.4017916
23.021778,2.0045261,3.8417196,10.501349,17.44414,2.5619106,4.6183662,20.788738
15.192846,5.3603,3.88737,10.501297,42.471107,8.006242,15.417139,20.78761
13.739369,4.020832,3.8350382,1.935091,14.659123,6.941893,5.564374,5.6731386
44.209534,11.788847,5.920109,10.501349,43.12284,11.280647,4.9807796,4.471495
41.813217,2.0553303,7.5897484,10.501349,20.64521,2.5659928,5.2789307,20.787437
37.296436,11.791017,17.713621,10.501349,14.741998,10.74553,4.26254,20.788738
16.54625,11.791021,28.07145,10.494778,14.765481,11.408308,26.978813,20.788738
14.022861,1.9972601,4.7033434,1.935101,22.577776,2.6479173,7.5617914,7.980527
13.739397,5.064661,7.3413277,8.520941,14.658764,2.9900968,4.30659,6.4137897
13.739369,3.0049655,12.325541,3.437225,14.658733,2.8207455,4.213153,7.9732575
44.54027,11.791021,28.091393,10.501349,15.88786,11.40834,27.43594,20.592127
13.746752,3.0971422,4.716181,1.9351206,37.594887,11.340881,23.26743,20.7883
